Player,Team
Precious Achiuwa,Toronto Raptors
Steven Adams,Memphis Grizzlies
Bam Adebayo,Miami Heat
Ochai Agbaji,Utah Jazz
Santi Aldama,Memphis Grizzlies
Nickeil Alexander-Walker,Minnesota Timberwolves
Grayson Allen,Phoenix Suns
Jarrett Allen,Cleveland Cavaliers
Jose Alvarado,New Orleans Pelicans
Kyle Anderson,Minnesota Timberwolves
Giannis Antetokounmpo,Milwaukee Bucks
Thanasis Antetokounmpo,Milwaukee Bucks
Cole Anthony,Orlando Magic
OG Anunoby,Toronto Raptors
Ryan Arcidiacono,New York Knicks
Deni Avdija,Washington Wizards
Deandre Ayton,Portland Trail Blazers
Udoka Azubuike,Phoenix Suns
Marvin Bagley III,Detroit Pistons
Amari Bailey,Charlotte Hornets
"Patrick Baldwin, Jr.",Washington Wizards
LaMelo Ball,Charlotte Hornets
Lonzo Ball,Chicago Bulls
Mohamed Bamba,Philadelphia Sixers
Paolo Banchero,Orlando Magic
Desmond Bane,Memphis Grizzlies
Dalano Banton,Boston Celtics
Dominick Barlow,San Antonio Spurs
Harrison Barnes,Sacramento Kings
Scottie Barnes,Toronto Raptors
R.J. Barrett,New York Knicks
Charles Bassey,San Antonio Spurs
Emoni Bates,Cleveland Cavaliers
Keita Bates-Diop,Phoenix Suns
Nicolas Batum,Philadelphia Sixers
Bradley Beal,Phoenix Suns
Malik Beasley,Milwaukee Bucks
MarJon Beauchamp,Milwaukee Bucks
Charles Bediako,San Antonio Spurs
Davis Bertans,Oklahoma City Thunder
Patrick Beverley,Philadelphia Sixers
Saddiq Bey,Atlanta Hawks
Goga Bitadze,Orlando Magic
Onuralp Bitim,Chicago Bulls
Bismack Biyombo,Memphis Grizzlies
Anthony Black,Orlando Magic
Leaky Black,Charlotte Hornets
Bogdan Bogdanovic,Atlanta Hawks
Bojan Bogdanovic,Detroit Pistons
Bol Bol,Phoenix Suns
Marques Bolden,Milwaukee Bucks
Devin Booker,Phoenix Suns
"B.J. Boston, Jr.",Los Angeles Clippers
Chris Boucher,Toronto Raptors
James Bouknight,Charlotte Hornets
Malaki Branham,San Antonio Spurs
Christian Braun,Denver Nuggets
Mikal Bridges,Brooklyn Nets
Miles Bridges,Charlotte Hornets
Oshae Brissett,Boston Celtics
Malcolm Brogdon,Portland Trail Blazers
Armoni Brooks,Brooklyn Nets
Dillon Brooks,Houston Rockets
Greg Brown III,Dallas Mavericks
Jaylen Brown,Boston Celtics
"Bruce Brown, Jr.",Indiana Pacers
"Charlie Brown, Jr.",New York Knicks
"Troy Brown, Jr.",Minnesota Timberwolves
Kendall Brown,Indiana Pacers
Kobe Brown,Los Angeles Clippers
Moses Brown,Portland Trail Blazers
Jalen Brunson,New York Knicks
Thomas Bryant,Miami Heat
Kobe Bufkin,Atlanta Hawks
Reggie Bullock,Houston Rockets
Alec Burks,Detroit Pistons
Jared Butler,Washington Wizards
Jimmy Butler,Miami Heat
John Butler,Washington Wizards
Jamal Cain,Miami Heat
Kentavious Caldwell-Pope,Denver Nuggets
Toumani Camara,Portland Trail Blazers
Vlatko Cancar,Denver Nuggets
Clint Capela,Atlanta Hawks
Jevon Carter,Chicago Bulls
"Wendell Carter, Jr.",Orlando Magic
Alex Caruso,Chicago Bulls
Colin Castleton,Los Angeles Lakers
Malcolm Cazalon,Detroit Pistons
Julian Champagnie,San Antonio Spurs
Max Christie,Los Angeles Lakers
Josh Christopher,Utah Jazz
Sidy Cissoko,San Antonio Spurs
Jaylen Clark,Minnesota Timberwolves
Brandon Clarke,Memphis Grizzlies
Jordan Clarkson,Utah Jazz
Nicolas Claxton,Brooklyn Nets
Noah Clowney,Brooklyn Nets
Amir Coffey,Los Angeles Clippers
John Collins,Utah Jazz
Zach Collins,San Antonio Spurs
Mike Conley,Minnesota Timberwolves
Pat Connaughton,Milwaukee Bucks
Bilal Coulibaly,Washington Wizards
Ricky Council IV,Philadelphia Sixers
Robert Covington,Philadelphia Sixers
Torrey Craig,Chicago Bulls
Jae Crowder,Milwaukee Bucks
Cade Cunningham,Detroit Pistons
Seth Curry,Dallas Mavericks
Stephen Curry,Golden State Warriors
Dyson Daniels,New Orleans Pelicans
Anthony Davis,Los Angeles Lakers
Johnny Davis,Washington Wizards
J.D. Davison,Boston Celtics
DeMar DeRozan,Chicago Bulls
Dexter Dennis,Dallas Mavericks
Donte DiVincenzo,New York Knicks
Moussa Diabate,Los Angeles Clippers
Gradey Dick,Toronto Raptors
Ousmane Dieng,Oklahoma City Thunder
Spencer Dinwiddie,Brooklyn Nets
Luka Doncic,Dallas Mavericks
Luguentz Dort,Oklahoma City Thunder
Ayo Dosunmu,Chicago Bulls
Andre Drummond,Chicago Bulls
Chris Duarte,Sacramento Kings
Kris Dunn,Utah Jazz
Kevin Durant,Phoenix Suns
Jalen Duren,Detroit Pistons
Tari Eason,Houston Rockets
Anthony Edwards,Minnesota Timberwolves
Kessler Edwards,Sacramento Kings
Keon Ellis,Sacramento Kings
Joel Embiid,Philadelphia Sixers
Drew Eubanks,Phoenix Suns
Dante Exum,Dallas Mavericks
Bruno Fernando,Atlanta Hawks
Dorian Finney-Smith,Brooklyn Nets
Malachi Flynn,Toronto Raptors
Simone Fontecchio,Utah Jazz
Jordan Ford,Sacramento Kings
Trent Forrest,Atlanta Hawks
Evan Fournier,New York Knicks
De'Aaron Fox,Sacramento Kings
Javon Freeman-Liberty,Toronto Raptors
Alex Fudge,Los Angeles Lakers
Markelle Fultz,Orlando Magic
Daniel Gafford,Washington Wizards
Danilo Gallinari,Washington Wizards
Darius Garland,Cleveland Cavaliers
Usman Garuba,Golden State Warriors
Luka Garza,Minnesota Timberwolves
Keyonte George,Utah Jazz
Paul George,Los Angeles Clippers
Josh Giddey,Oklahoma City Thunder
Harry Giles,Brooklyn Nets
Shai Gilgeous-Alexander,Oklahoma City Thunder
Anthony Gill,Washington Wizards
Collin Gillespie,Denver Nuggets
Jacob Gilyard,Memphis Grizzlies
Rudy Gobert,Minnesota Timberwolves
Jordan Goodwin,Phoenix Suns
Aaron Gordon,Denver Nuggets
Eric Gordon,Phoenix Suns
Devonte' Graham,San Antonio Spurs
Jerami Grant,Portland Trail Blazers
A.J. Green,Milwaukee Bucks
Draymond Green,Golden State Warriors
Jalen Green,Houston Rockets
Jeff Green,Houston Rockets
Josh Green,Dallas Mavericks
"A.J. Griffin, Jr.",Atlanta Hawks
Quentin Grimes,New York Knicks
Mouhamed Gueye,Atlanta Hawks
Rui Hachimura,Los Angeles Lakers
Tyrese Haliburton,Indiana Pacers
R.J. Hampton,Miami Heat
Tim Hardaway Jr.,Dallas Mavericks
James Harden,Los Angeles Clippers
Jaden Hardy,Dallas Mavericks
Ron Harper,Toronto Raptors
Gary Harris,Orlando Magic
Joe Harris,Detroit Pistons
Kevon Harris,Orlando Magic
Tobias Harris,Philadelphia Sixers
Josh Hart,New York Knicks
Isaiah Hartenstein,New York Knicks
Sam Hauser,Boston Celtics
Jordan Hawkins,New Orleans Pelicans
Jaxson Hayes,Los Angeles Lakers
Killian Hayes,Detroit Pistons
Gordon Hayward,Charlotte Hornets
Scoot Henderson,Portland Trail Blazers
Taylor Hendricks,Utah Jazz
Tyler Herro,Miami Heat
Buddy Hield,Indiana Pacers
Haywood Highsmith,Miami Heat
Nathaniel Hinton,Houston Rockets
D'Moi Hodge,Los Angeles Lakers
Aaron Holiday,Houston Rockets
Jrue Holiday,Boston Celtics
Justin Holiday,Denver Nuggets
Richaun Holmes,Dallas Mavericks
Chet Holmgren,Oklahoma City Thunder
Jalen Hood-Schifino,Los Angeles Lakers
Al Horford,Boston Celtics
Talen Horton-Tucker,Utah Jazz
Danuel House,Philadelphia Sixers
Caleb Houstan,Orlando Magic
Jett Howard,Orlando Magic
Kevin Huerter,Sacramento Kings
James Huff,Denver Nuggets
De'Andre Hunter,Atlanta Hawks
Bones Hyland,Los Angeles Clippers
Joe Ingles,Orlando Magic
Brandon Ingram,New Orleans Pelicans
Kyrie Irving,Dallas Mavericks
Jonathan Isaac,Orlando Magic
Jaden Ivey,Detroit Pistons
G.G. Jackson,Memphis Grizzlies
Isaiah Jackson,Indiana Pacers
"Andre Jackson, Jr.",Milwaukee Bucks
"Jaren Jackson, Jr.",Memphis Grizzlies
Reggie Jackson,Denver Nuggets
Trayce Jackson-Davis,Golden State Warriors
LeBron James,Los Angeles Lakers
"Jaime Jaquez, Jr.",Miami Heat
DaQuan Jeffries,New York Knicks
Ty Jerome,Cleveland Cavaliers
Isaiah Joe,Oklahoma City Thunder
Cameron Johnson,Brooklyn Nets
Jalen Johnson,Atlanta Hawks
Keldon Johnson,San Antonio Spurs
Keon Johnson,Brooklyn Nets
Keyontae Johnson,Oklahoma City Thunder
Nikola Jokic,Denver Nuggets
Colby Jones,Sacramento Kings
Damian Jones,Cleveland Cavaliers
Derrick Jones,Dallas Mavericks
Herb Jones,New Orleans Pelicans
Tre Jones,San Antonio Spurs
Tyus Jones,Washington Wizards
DeAndre Jordan,Denver Nuggets
Cory Joseph,Golden State Warriors
Nikola Jovic,Miami Heat
Johnny Juzang,Utah Jazz
Luke Kennard,Memphis Grizzlies
Walker Kessler,Utah Jazz
Braxton Key,Denver Nuggets
Corey Kispert,Washington Wizards
Maxi Kleber,Dallas Mavericks
Nathan Knight,Boston Celtics
Christian Koloko,Toronto Raptors
John Konchar,Memphis Grizzlies
Furkan Korkmaz,Philadelphia Sixers
Luke Kornet,Boston Celtics
Jonathan Kuminga,Golden State Warriors
Kyle Kuzma,Washington Wizards
Jake LaRavia,Memphis Grizzlies
Zach LaVine,Chicago Bulls
Jock Landale,Houston Rockets
A.J. Lawson,Dallas Mavericks
Caris LeVert,Cleveland Cavaliers
Damion Lee,Phoenix Suns
Saben Lee,Phoenix Suns
Alex Len,Sacramento Kings
Kawhi Leonard,Los Angeles Clippers
"Kira Lewis, Jr.",New Orleans Pelicans
Justin Lewis,Chicago Bulls
Maxwell Lewis,Los Angeles Lakers
E.J. Liddell,New Orleans Pelicans
Damian Lillard,Milwaukee Bucks
Nassir Little,Phoenix Suns
Dereck Lively II,Dallas Mavericks
Isaiah Livers,Detroit Pistons
Chris Livingston,Milwaukee Bucks
"Kenny Lofton, Jr.",Memphis Grizzlies
Kevon Looney,Golden State Warriors
Brook Lopez,Milwaukee Bucks
Robin Lopez,Milwaukee Bucks
Kevin Love,Miami Heat
Kyle Lowry,Miami Heat
Seth Lundy,Atlanta Hawks
Trey Lyles,Sacramento Kings
Theo Maledon,Charlotte Hornets
Sandro Mamukelashvili,San Antonio Spurs
Terance Mann,Los Angeles Clippers
Tre Mann,Oklahoma City Thunder
Boban Marjanovic,Houston Rockets
Lauri Markkanen,Utah Jazz
Naji Marshall,New Orleans Pelicans
Caleb Martin,Miami Heat
Cody Martin,Charlotte Hornets
K.J. Martin,Philadelphia Sixers
Garrison Mathews,Atlanta Hawks
Bennedict Mathurin,Indiana Pacers
Wesley Matthews,Atlanta Hawks
Tyrese Maxey,Philadelphia Sixers
Skylar Mays,Portland Trail Blazers
Miles McBride,New York Knicks
C.J. McCollum,New Orleans Pelicans
T.J. McConnell,Indiana Pacers
Jaden McDaniels,Minnesota Timberwolves
Jalen McDaniels,Toronto Raptors
Doug McDermott,San Antonio Spurs
JaVale McGee,Sacramento Kings
Bryce McGowens,Charlotte Hornets
Jordan McLaughlin,Minnesota Timberwolves
De'Anthony Melton,Philadelphia Sixers
Sam Merrill,Cleveland Cavaliers
Chimezie Metu,Phoenix Suns
Vasilije Micic,Oklahoma City Thunder
Khris Middleton,Milwaukee Bucks
Brandon Miller,Charlotte Hornets
Jordan Miller,Los Angeles Clippers
Leonard Miller,Minnesota Timberwolves
Patty Mills,Atlanta Hawks
Shake Milton,Minnesota Timberwolves
Justin Minaya,Portland Trail Blazers
Josh Minott,Minnesota Timberwolves
Davion Mitchell,Sacramento Kings
Donovan Mitchell,Cleveland Cavaliers
Evan Mobley,Cleveland Cavaliers
Isaiah Mobley,Cleveland Cavaliers
Malik Monk,Sacramento Kings
Moses Moody,Golden State Warriors
"Wendell Moore, Jr.",Minnesota Timberwolves
Ja Morant,Memphis Grizzlies
Marcus Morris,Philadelphia Sixers
Markieff Morris,Dallas Mavericks
Monte Morris,Detroit Pistons
Trey Murphy III,New Orleans Pelicans
Dejounte Murray,Atlanta Hawks
Jamal Murray,Denver Nuggets
Keegan Murray,Sacramento Kings
Kris Murray,Portland Trail Blazers
Mike Muscala,Washington Wizards
Svi Mykhailiuk,Boston Celtics
"Larry Nance, Jr.",New Orleans Pelicans
Andrew Nembhard,Indiana Pacers
Aaron Nesmith,Indiana Pacers
Georges Niang,Cleveland Cavaliers
Daishen Nix,Minnesota Timberwolves
Zeke Nnaji,Denver Nuggets
Miles Norris,Atlanta Hawks
Markquis Nowell,Toronto Raptors
Frank Ntilikina,Charlotte Hornets
Jusuf Nurkic,Phoenix Suns
Jordan Nwora,Indiana Pacers
Royce O'Neale,Brooklyn Nets
Chuma Okeke,Orlando Magic
Josh Okogie,Phoenix Suns
Onyeka Okongwu,Atlanta Hawks
Isaac Okoro,Cleveland Cavaliers
Victor Oladipo,Houston Rockets
Kelly Olynyk,Utah Jazz
Eugene Omoruyi,Washington Wizards
Cedi Osman,San Antonio Spurs
"Kelly Oubre, Jr.",Philadelphia Sixers
Chris Paul,Golden State Warriors
Cameron Payne,Milwaukee Bucks
Gary Payton II,Golden State Warriors
Filip Petrusev,Sacramento Kings
Julian Phillips,Chicago Bulls
Jalen Pickett,Denver Nuggets
Mason Plumlee,Los Angeles Clippers
Brandin Podziemski,Golden State Warriors
Jakob Poeltl,Toronto Raptors
Aleksej Pokusevski,Oklahoma City Thunder
Jordan Poole,Washington Wizards
"Craig Porter, Jr.",Cleveland Cavaliers
"Michael Porter, Jr.",Denver Nuggets
Otto Porter,Toronto Raptors
Bobby Portis,Milwaukee Bucks
Kristaps Porzingis,Boston Celtics
Micah Potter,Utah Jazz
Dwight Powell,Dallas Mavericks
Norman Powell,Los Angeles Clippers
Joshua Primo,Los Angeles Clippers
Taurean Prince,Los Angeles Lakers
Payton Pritchard,Boston Celtics
Olivier-Maxence Prosper,Dallas Mavericks
Trevelin Queen,Orlando Magic
Neemias Queta,Boston Celtics
Immanuel Quickley,New York Knicks
Lester Quinones,Golden State Warriors
Julius Randle,New York Knicks
Duop Reath,Portland Trail Blazers
Austin Reaves,Los Angeles Lakers
Cam Reddish,Los Angeles Lakers
"Paul Reed, Jr.",Philadelphia Sixers
Naz Reid,Minnesota Timberwolves
Jared Rhoden,Detroit Pistons
Sir'Jabari Rice,San Antonio Spurs
Nick Richards,Charlotte Hornets
Josh Richardson,Miami Heat
Duncan Robinson,Miami Heat
Jerome Robinson,Golden State Warriors
Mitchell Robinson,New York Knicks
Orlando Robinson,Miami Heat
Jeremiah Robinson-Earl,New Orleans Pelicans
David Roddy,Memphis Grizzlies
Ryan Rollins,Washington Wizards
Derrick Rose,Memphis Grizzlies
Terry Rozier,Charlotte Hornets
Ricky Rubio,Cleveland Cavaliers
Rayan Rupert,Portland Trail Blazers
D'Angelo Russell,Los Angeles Lakers
Matt Ryan,New Orleans Pelicans
Domantas Sabonis,Sacramento Kings
Luka Samanic,Utah Jazz
Jermaine Samuels,Houston Rockets
Adama Sanogo,Chicago Bulls
Gui Santos,Golden State Warriors
Dario Saric,Golden State Warriors
Olivier Sarr,Oklahoma City Thunder
Marcus Sasser,Detroit Pistons
Admiral Schofield,Orlando Magic
Dennis Schroder,Toronto Raptors
Dereon Seabron,New Orleans Pelicans
Alperen Sengun,Houston Rockets
Brice Sensabaugh,Utah Jazz
Collin Sexton,Utah Jazz
Landry Shamet,Washington Wizards
Day'Ron Sharpe,Brooklyn Nets
Shaedon Sharpe,Portland Trail Blazers
Ben Sheppard,Indiana Pacers
Pascal Siakam,Toronto Raptors
Ben Simmons,Brooklyn Nets
Anfernee Simons,Portland Trail Blazers
Jericho Sims,New York Knicks
Jalen Slawson,Sacramento Kings
Javonte Smart,Philadelphia Sixers
Marcus Smart,Memphis Grizzlies
Dennis Smith,Brooklyn Nets
Dru Smith,Miami Heat
Ish Smith,Charlotte Hornets
Jalen Smith,Indiana Pacers
"Jabari Smith, Jr.",Houston Rockets
"Nick Smith, Jr.",Charlotte Hornets
Terquavion Smith,Philadelphia Sixers
Jeremy Sochan,San Antonio Spurs
Jaden Springer,Philadelphia Sixers
Lamar Stevens,Boston Celtics
Isaiah Stewart II,Detroit Pistons
Julian Strawther,Denver Nuggets
Max Strus,Cleveland Cavaliers
Jalen Suggs,Orlando Magic
Cole Swider,Miami Heat
Jae'sean Tate,Houston Rockets
Jayson Tatum,Boston Celtics
Terry Taylor,Chicago Bulls
Garrett Temple,Toronto Raptors
Dalen Terry,Chicago Bulls
Daniel Theis,Indiana Pacers
Cam Thomas,Brooklyn Nets
Amen Thompson,Houston Rockets
Ausar Thompson,Detroit Pistons
Klay Thompson,Golden State Warriors
Tristan Thompson,Cleveland Cavaliers
J.T. Thor,Charlotte Hornets
Matisse Thybulle,Portland Trail Blazers
"Xavier Tillman, Sr.",Memphis Grizzlies
Jacob Toppin,New York Knicks
Obi Toppin,Indiana Pacers
Karl-Anthony Towns,Minnesota Timberwolves
"Gary Trent, Jr.",Toronto Raptors
Oscar Tshiebwe,Indiana Pacers
P.J. Tucker,Los Angeles Clippers
Myles Turner,Indiana Pacers
Hunter Tyson,Denver Nuggets
Stanley Umude,Detroit Pistons
Jonas Valanciunas,New Orleans Pelicans
Fred VanVleet,Houston Rockets
Jarred Vanderbilt,Los Angeles Lakers
Devin Vassell,San Antonio Spurs
Sasha Vezenkov,Sacramento Kings
Gabe Vincent,Los Angeles Lakers
Nikola Vucevic,Chicago Bulls
Dean Wade,Cleveland Cavaliers
Franz Wagner,Orlando Magic
Moe Wagner,Orlando Magic
Ish Wainright,Portland Trail Blazers
Jabari Walker,Portland Trail Blazers
Jarace Walker,Indiana Pacers
Lonnie Walker,Brooklyn Nets
Cason Wallace,Oklahoma City Thunder
Jordan Walsh,Boston Celtics
"Duane Washington, Jr.",New York Knicks
"TyTy Washington, Jr.",Milwaukee Bucks
P.J. Washington,Charlotte Hornets
Yuta Watanabe,Phoenix Suns
Lindy Waters III,Oklahoma City Thunder
Trendon Watford,Brooklyn Nets
Peyton Watson,Denver Nuggets
Victor Wembanyama,San Antonio Spurs
Blake Wesley,San Antonio Spurs
Russell Westbrook,Los Angeles Clippers
Coby White,Chicago Bulls
Derrick White,Boston Celtics
Dariq Whitehead,Brooklyn Nets
Cam Whitmore,Houston Rockets
Aaron Wiggins,Oklahoma City Thunder
Andrew Wiggins,Golden State Warriors
Lindell Wigginton,Milwaukee Bucks
Grant Williams,Dallas Mavericks
Jalen Williams,Oklahoma City Thunder
Jaylin Williams,Oklahoma City Thunder
"Nate Williams, Jr.",Houston Rockets
"Vincent Williams, Jr.",Memphis Grizzlies
Kenrich Williams,Oklahoma City Thunder
Mark Williams,Charlotte Hornets
Patrick Williams,Chicago Bulls
Robert Williams,Portland Trail Blazers
Ziaire Williams,Memphis Grizzlies
Zion Williamson,New Orleans Pelicans
Jalen Wilson,Brooklyn Nets
Dylan Windler,New York Knicks
James Wiseman,Detroit Pistons
Isaiah Wong,Indiana Pacers
Christian Wood,Los Angeles Lakers
Delon Wright,Washington Wizards
Thaddeus Young,Toronto Raptors
Trae Young,Atlanta Hawks
Omer Yurtseven,Utah Jazz
Cody Zeller,New Orleans Pelicans
Ivica Zubac,Los Angeles Clippers
